"State","Year","Per_Capita_Income","GDP_Million","Population"
"Alabama",2011,34884,201372.8,4799642
"Alabama",2012,35559,203675.5,4816632
"Alabama",2013,35706,206962.9,4831586
"Alabama",2014,36722,206070,4843737
"Alaska",2011,52415,54045.5,722349
"Alaska",2012,53340,57087.4,730810
"Alaska",2013,52252,54627.6,737626
"Alaska",2014,55098,53303.3,737075
"Arizona",2011,35263,290411.3,6473416
"Arizona",2012,36364,297077.3,6556344
"Arizona",2013,36918,298859.9,6634690
"Arizona",2014,38268,301721.2,6732873
"Arkansas",2011,34181,115241.8,2941038
"Arkansas",2012,36289,116616.2,2952876
"Arkansas",2013,36286,119842.8,2960459
"Arkansas",2014,38220,121409.4,2968759
"California",2011,45508,2192887.2,37636311
"California",2012,47793,2255437.3,37944551
"California",2013,48074,2340335.3,38253768
"California",2014,50617,2428675.7,38586706
"Colorado",2011,43735,283963.8,5121900
"Colorado",2012,45495,289339.5,5193660
"Colorado",2013,47088,301484.1,5270774
"Colorado",2014,50251,315399,5352637
"Connecticut",2011,62964,261555.8,3588632
"Connecticut",2012,63556,263649.9,3595211
"Connecticut",2013,62000,258911,3595792
"Connecticut",2014,64484,260605.8,3595697
"Delaware",2011,43779,71103.5,907590
"Delaware",2012,43771,70562.4,915518
"Delaware",2013,43943,68656.8,924062
"Delaware",2014,45359,73961.7,933131
"District of Columbia",2011,66985,122636.4,620290
"District of Columbia",2012,67522,123567.9,635737
"District of Columbia",2013,67081,124094.8,651559
"District of Columbia",2014,70527,126883.9,663603
"Florida",2011,40437,849395.3,19055607
"Florida",2012,41211,857861.3,19302016
"Florida",2013,40743,880183.5,19551678
"Florida",2014,42877,905648.5,19853880
"Georgia",2011,36760,481215.4,9803630
"Georgia",2012,37250,489027.3,9903580
"Georgia",2013,37484,499900.2,9975592
"Georgia",2014,39550,517511.9,10071204
"Hawaii",2011,42758,77174.2,1379562
"Hawaii",2012,43523,78694,1395199
"Hawaii",2013,43548,80534.9,1408822
"Hawaii",2014,45445,81304.9,1415335
"Idaho",2011,33447,62704,1584272
"Idaho",2012,34812,62007.3,1595910
"Idaho",2013,35699,64769.8,1612053
"Idaho",2014,37107,66784.9,1632248
"Illinois",2011,44075,772225.6,12867783
"Illinois",2012,45934,790723.3,12883029
"Illinois",2013,46735,795435.2,12895778
"Illinois",2014,48536,811490.1,12885092
"Indiana",2011,37681,321532.8,6517250
"Indiana",2012,39148,323876.2,6538989
"Indiana",2013,39435,333207.4,6570575
"Indiana",2014,40719,343827.8,6596019
"Iowa",2011,40879,164559.3,3066772
"Iowa",2012,42539,170923.7,3076844
"Iowa",2013,43009,171069.1,3093935
"Iowa",2014,44120,180309.9,3110643
"Kansas",2011,42889,147836.8,2869677
"Kansas",2012,44913,150077.1,2886024
"Kansas",2013,45669,150702.9,2894306
"Kansas",2014,46289,154110.1,2901861
"Kentucky",2011,34607,188389.8,4370817
"Kentucky",2012,35630,192060.1,4387865
"Kentucky",2013,35758,196698,4406906
"Kentucky",2014,37225,196795.8,4416992
"Louisiana",2011,38966,241235.9,4576244
"Louisiana",2012,40662,242416.8,4602067
"Louisiana",2013,40996,236482.3,4626040
"Louisiana",2014,42533,243042.9,4645938
"Maine",2011,39502,59429.7,1328473
"Maine",2012,39992,59181.7,1328094
"Maine",2013,39950,59013.9,1328543
"Maine",2014,41137,59589.8,1331217
"Maryland",2011,51797,360155.9,5840241
"Maryland",2012,52481,361561.8,5888375
"Maryland",2013,51871,364633.2,5925197
"Maryland",2014,53075,370343.9,5960064
"Massachusetts",2011,54757,472664.3,6614218
"Massachusetts",2012,56259,483286.3,6664269
"Massachusetts",2013,56119,486991.8,6715158
"Massachusetts",2014,58129,496250.9,6764864
"Michigan",2011,37689,453989.1,9883053
"Michigan",2012,39042,463302.6,9898289
"Michigan",2013,39292,472779.9,9914802
"Michigan",2014,40829,479534.9,9932033
"Minnesota",2011,45134,315213.3,5346620
"Minnesota",2012,47399,321053.9,5377500
"Minnesota",2013,47413,329774.5,5414722
"Minnesota",2014,49357,338623.9,5452665
"Mississippi",2011,32454,106491.1,2979147
"Mississippi",2012,33441,108646.5,2984599
"Mississippi",2013,33976,109032.7,2989839
"Mississippi",2014,34623,109299.6,2991892
"Missouri",2011,38402,292984.2,6011182
"Missouri",2012,39983,296514.3,6026027
"Missouri",2013,40121,302025.7,6042989
"Missouri",2014,41380,303617.8,6059130
"Montana",2011,38150,43532.2,997518
"Montana",2012,40217,44329.1,1004168
"Montana",2013,40142,45114.7,1014158
"Montana",2014,41850,46166.7,1022657
"Nebraska",2011,45607,109734.2,1840914
"Nebraska",2012,46385,109686.3,1853691
"Nebraska",2013,45911,111382.2,1865813
"Nebraska",2014,48187,115651.9,1879955
"Nevada",2011,38595,144341.2,2713114
"Nevada",2012,39680,142986.1,2744670
"Nevada",2013,39331,144549.3,2776956
"Nevada",2014,41126,145303.6,2818935
"New Hampshire",2011,49086,73465,1320444
"New Hampshire",2012,50715,74082.8,1324677
"New Hampshire",2013,50423,75503.4,1327272
"New Hampshire",2014,51988,76836.2,1334257
"New Jersey",2011,52854,548479.3,8828552
"New Jersey",2012,54235,560729.7,8845671
"New Jersey",2013,54365,570952.4,8857821
"New Jersey",2014,56367,570696.4,8867277
"New Mexico",2011,35069,90552.3,2080707
"New Mexico",2012,35694,90762.4,2087715
"New Mexico",2013,34857,90104,2092833
"New Mexico",2014,36880,92621.1,2090236
"New York",2011,50772,1440346.8,19499921
"New York",2012,52625,1496280.1,19574362
"New York",2013,52874,1501818,19626488
"New York",2014,54496,1535375.9,19653431
"North Carolina",2011,36822,484200.3,9658913
"North Carolina",2012,38876,488126.5,9751810
"North Carolina",2013,38074,497456.6,9846717
"North Carolina",2014,39880,509782.4,9937295
"North Dakota",2011,48873,43300.4,685526
"North Dakota",2012,56056,53326.8,702227
"North Dakota",2013,54337,54690.9,723149
"North Dakota",2014,56647,60193,738736
"Ohio",2011,38927,580251.4,11545735
"Ohio",2012,40279,586540.9,11550971
"Ohio",2013,40752,603057.4,11579692
"Ohio",2014,42277,624973.4,11606573
"Oklahoma",2011,39694,163859.3,3788824
"Oklahoma",2012,41905,172016,3819320
"Oklahoma",2013,43607,176086.8,3853891
"Oklahoma",2014,45884,186574.4,3879187
"Oregon",2011,37531,185959.4,3872672
"Oregon",2012,39128,187352.4,3900102
"Oregon",2013,39462,189609.7,3924110
"Oregon",2014,41654,195808.2,3965447
"Pennsylvania",2011,44119,676468.3,12747052
"Pennsylvania",2012,45637,689007,12769123
"Pennsylvania",2013,45902,704195,12779538
"Pennsylvania",2014,47467,718691.6,12792392
"Rhode Island",2011,44095,56026.6,1053829
"Rhode Island",2012,45298,56487.4,1054893
"Rhode Island",2013,45104,57037.2,1055560
"Rhode Island",2014,46630,57602.7,1056511
"South Carolina",2011,34406,193221,4672655
"South Carolina",2012,35807,195406.1,4719027
"South Carolina",2013,35923,200147.3,4766469
"South Carolina",2014,37755,206077.9,4826858
"South Dakota",2011,44532,47630.3,823740
"South Dakota",2012,44996,48653.9,833859
"South Dakota",2013,44988,48610.1,842751
"South Dakota",2014,46732,49640.9,849670
"Tennessee",2011,37696,301508.9,6400298
"Tennessee",2012,39079,311754.2,6455752
"Tennessee",2013,39099,318347.9,6496943
"Tennessee",2014,40225,323879.6,6544617
"Texas",2011,41941,1370174.9,25645504
"Texas",2012,43869,1438354.4,26084120
"Texas",2013,44403,1511806.5,26479646
"Texas",2014,46747,1559636.1,26963092
"Utah",2011,34015,138301.1,2814797
"Utah",2012,35622,140622.5,2854146
"Utah",2013,36102,145026.9,2898773
"Utah",2014,37621,150076.3,2938327
"Vermont",2011,43754,31663.6,627197
"Vermont",2012,44858,31898.1,626361
"Vermont",2013,45296,31494.6,626603
"Vermont",2014,46894,31847.7,625693
"Virginia",2011,47563,479571.4,8102437
"Virginia",2012,49049,483041.4,8187456
"Virginia",2013,48195,488741.3,8255861
"Virginia",2014,49760,488918.6,8315430
"Washington",2011,44279,411575.7,6827479
"Washington",2012,47053,426447,6898599
"Washington",2013,47448,439472.2,6966252
"Washington",2014,50259,456186.5,7057531
"West Virginia",2011,34490,73175.2,1856606
"West Virginia",2012,35233,73124.5,1857446
"West Virginia",2013,35093,73949,1854768
"West Virginia",2014,36243,74111.3,1850569
"Wisconsin",2011,41067,293664,5705840
"Wisconsin",2012,42639,299007.6,5720825
"Wisconsin",2013,42685,301550.5,5738012
"Wisconsin",2014,44156,309425.8,5753199
"Wyoming",2011,50631,38929.8,567491
"Wyoming",2012,53597,38085,576656
"Wyoming",2013,52835,38408.7,582620
"Wyoming",2014,56251,39287.2,583159
"New England",2011,53624,954794.9,NA
"New England",2012,54788,968580.1,NA
"New England",2013,54319,968966.6,NA
"New England",2014,56278,982746.2,NA
"Mideast",2011,49603,3219506.5,NA
"Mideast",2012,51099,3301294,NA
"Mideast",2013,51224,3334509.2,NA
"Mideast",2014,52876,3395872.9,NA
"Great Lakes",2011,40177,2421624.4,NA
"Great Lakes",2012,41713,2463334,NA
"Great Lakes",2013,42149,2505982.4,NA
"Great Lakes",2014,43709,2569254.7,NA
"Plains",2011,42373,1120460.1,NA
"Plains",2012,44289,1149893.6,NA
"Plains",2013,44420,1167911.5,NA
"Plains",2014,45907,1202106.7,NA
"Southeast",2011,38278,3716013.1,NA
"Southeast",2012,39458,3762626.3,NA
"Southeast",2013,39255,3828029.9,NA
"Southeast",2014,40966,3902765.3,NA
"Southwest",2011,40205,1912613.8,NA
"Southwest",2012,41961,1996352,NA
"Southwest",2013,42550,2075730.9,NA
"Southwest",2014,44716,2140042.2,NA
"Rocky Mountain",2011,39642,567498,NA
"Rocky Mountain",2012,41400,574357.6,NA
"Rocky Mountain",2013,42336,594720.7,NA
"Rocky Mountain",2014,44708,617617.8,NA
"Far West",2011,44439,3066026,NA
"Far West",2012,46617,3148430.2,NA
"Far West",2013,46860,3249257.6,NA
"Far West",2014,49357,3360531.4,NA
"",2011,NA,NA,NA
"",2011,NA,NA,NA
"",2011,NA,NA,NA
"",2012,NA,NA,NA
"",2012,NA,NA,NA
"",2012,NA,NA,NA
"",2013,NA,NA,NA
"",2013,NA,NA,NA
"",2013,NA,NA,NA
"",2014,NA,NA,NA
"",2014,NA,NA,NA
"",2014,NA,NA,NA
"",2011,NA,NA,NA
"",2011,NA,NA,NA
"",2011,NA,NA,NA
"",2012,NA,NA,NA
"",2012,NA,NA,NA
"",2012,NA,NA,NA
"",2013,NA,NA,NA
"",2013,NA,NA,NA
"",2013,NA,NA,NA
"",2014,NA,NA,NA
"",2014,NA,NA,NA
"",2014,NA,NA,NA
"",2011,NA,NA,NA
"",2011,NA,NA,NA
"",2011,NA,NA,NA
"",2012,NA,NA,NA
"",2012,NA,NA,NA
"",2012,NA,NA,NA
"",2013,NA,NA,NA
"",2013,NA,NA,NA
"",2013,NA,NA,NA
"",2014,NA,NA,NA
"",2014,NA,NA,NA
"",2014,NA,NA,NA
"",2011,NA,NA,NA
"",2011,NA,NA,NA
"",2011,NA,NA,NA
"",2012,NA,NA,NA
"",2012,NA,NA,NA
"",2012,NA,NA,NA
"",2013,NA,NA,NA
"",2013,NA,NA,NA
"",2013,NA,NA,NA
"",2014,NA,NA,NA
"",2014,NA,NA,NA
"",2014,NA,NA,NA
"",2011,NA,NA,NA
"",2011,NA,NA,NA
"",2011,NA,NA,NA
"",2012,NA,NA,NA
"",2012,NA,NA,NA
"",2012,NA,NA,NA
"",2013,NA,NA,NA
"",2013,NA,NA,NA
"",2013,NA,NA,NA
"",2014,NA,NA,NA
"",2014,NA,NA,NA
"",2014,NA,NA,NA
